{
  "Bangladesh": "Dhaka",
  "Belgium": "Brussels",
  "Burkina Faso": "Ouagadougou",
  "Bulgaria": "Sofia",
  "Bosnia and Herzegovina": "Sarajevo",
  "Barbados": "Bridgetown",
  "Wallis and Futuna": "Mata-Utu",
  "Saint Barthelemy": "Gustavia",
  "Bermuda": "Hamilton",
  "Brunei": "Bandar Seri Begawan",
  "Bolivia": "La Paz",
  "Bahrain": "Manama",
  "Burundi": "Bujumbura",
  "Benin": "Porto-Novo",
  "Bhutan": "Thimphu",
  "Jamaica": "Kingston",
  "Botswana": "Gaborone",
  "Samoa": "Apia",
  "Brazil": "Brasilia",
  "Bahamas": "Nassau",
  "Jersey": "Saint Helier",
  "Belarus": "Minsk",
  "Belize": "Belmopan",
  "Russia": "Moscow",
  "Rwanda": "Kigali",
  "Serbia": "Belgrade",
  "Timor-Leste": "Dili",
  "Turkmenistan": "Ashgabat",
  "Tajikistan": "Dushanbe",
  "Romania": "Bucharest",
  "Guinea-Bissau": "Bissau",
  "Guam": "Hagatna",
  "Guatemala": "Guatemala City",
  "Greece": "Athens",
  "Equatorial Guinea": "Malabo",
  "Japan": "Tokyo",
  "Guyana": "Georgetown",
  "Guernsey": "Saint Peter Port",
  "Georgia": "T'bilisi",
  "Grenada": "Saint George's",
  "United Kingdom": "London",
  "Gabon": "Libreville",
  "El Salvador": "San Salvador",
  "Guinea": "Conakry",
  "Gambia": "Banjul",
  "Greenland": "Nuuk",
  "Gibraltar": "Gibraltar",
  "Ghana": "Accra",
  "Oman": "Muscat",
  "Tunisia": "Tunis",
  "Jordan": "Amman",
  "Croatia": "Zagreb",
  "Haiti": "Port-au-Prince",
  "Hungary": "Budapest",
  "Hong Kong": "Hong Kong",
  "Honduras": "Tegucigalpa",
  "Venezuela": "Caracas",
  "Puerto Rico": "San Juan",
  "Palau": "Melekeok",
  "Portugal": "Lisbon",
  "Svalbard": "Longyearbyen",
  "Paraguay": "Asuncion",
  "Iraq": "Baghdad",
  "Panama": "Panama City",
  "French Polynesia": "Papeete",
  "Papua New Guinea": "Port Moresby",
  "Peru": "Lima",
  "Pakistan": "Islamabad",
  "Philippines": "Manila",
  "Pitcairn": "Adamstown",
  "Poland": "Warsaw",
  "Saint Pierre and Miquelon": "Saint-Pierre",
  "Zambia": "Lusaka",
  "Estonia": "Tallinn",
  "Egypt": "Cairo",
  "South Africa": "Pretoria",
  "Ecuador": "Quito",
  "Italy": "Rome",
  "Vietnam": "Hanoi",
  "Solomon Islands": "Honiara",
  "Ethiopia": "Addis Ababa",
  "Somalia": "Mogadishu",
  "Zimbabwe": "Harare",
  "Saudi Arabia": "Riyadh",
  "Spain": "Madrid",
  "Eritrea": "Asmara",
  "Montenegro": "Podgorica",
  "Moldova": "Chisinau",
  "Madagascar": "Antananarivo",
  "Saint Martin": "Marigot",
  "Morocco": "Rabat",
  "Monaco": "Monaco",
  "Uzbekistan": "Tashkent",
  "Myanmar": "Rangoon",
  "Mali": "Bamako",
  "Mongolia": "Ulaanbaatar",
  "Marshall Islands": "Majuro",
  "Macedonia": "Skopje",
  "Mauritius": "Port Louis",
  "Malta": "Valletta",
  "Malawi": "Lilongwe",
  "Maldives": "Male",
  "Northern Mariana Islands": "Saipan",
  "Montserrat": "Plymouth",
  "Mauritania": "Nouakchott",
  "Isle of Man": "Douglas",
  "Uganda": "Kampala",
  "Malaysia": "Kuala Lumpur",
  "Mexico": "Mexico City",
  "Israel": "Jerusalem",
  "France": "Paris",
  "Saint Helena Ascension and Tristan da Cunha": "Jamestown",
  "Finland": "Helsinki",
  "Fiji": "Suva",
  "Falkland Islands": "Stanley",
  "Micronesia": "Palikir",
  "Faroe Islands": "Torshavn",
  "Nicaragua": "Managua",
  "Netherlands": "Amsterdam",
  "Norway": "Oslo",
  "Namibia": "Windhoek",
  "Vanuatu": "Port-Vila",
  "New Caledonia": "Noumea",
  "Niger": "Niamey",
  "Norfolk Island": "Kingston",
  "Nigeria": "Abuja",
  "New Zealand": "Wellington",
  "Nepal": "Kathmandu",
  "Niue": "Alofi",
  "Cook Islands": "Avarua",
  "Ivory Coast": "Yamoussoukro",
  "Switzerland": "Bern",
  "Colombia": "Bogota",
  "China": "Beijing",
  "Cameroon": "Yaounde",
  "Chile": "Santiago",
  "Cocos Islands": "West Island",
  "Canada": "Ottawa",
  "Congo Republic": "Brazzaville",
  "Central African Republic": "Bangui",
  "Congo Democratic Republic": "Kinshasa",
  "Czech Republic": "Prague",
  "Cyprus": "Nicosia",
  "Christmas Island": "The Settlement",
  "Costa Rica": "San Jose",
  "Cape Verde": "Praia",
  "Cuba": "Havana",
  "Swaziland": "Mbabane",
  "Syria": "Damascus",
  "Kyrgyzstan": "Bishkek",
  "Kenya": "Nairobi",
  "Suriname": "Paramaribo",
  "Kiribati": "Tarawa",
  "Cambodia": "Phnom Penh",
  "Saint Kitts and Nevis": "Basseterre",
  "Comoros": "Moroni",
  "Sao Tome and Principe": "Sao Tome",
  "Slovakia": "Bratislava",
  "Korea South": "Seoul",
  "Slovenia": "Ljubljana",
  "Korea North": "Pyongyang",
  "Kuwait": "Kuwait City",
  "Senegal": "Dakar",
  "San Marino": "San Marino",
  "Sierra Leone": "Freetown",
  "Seychelles": "Victoria",
  "Kazakhstan": "Astana",
  "Cayman Islands": "George Town",
  "Singapore": "Singapore",
  "Sweden": "Stockholm",
  "Sudan": "Khartoum",
  "Dominican Republic": "Santo Domingo",
  "Dominica": "Roseau",
  "Djibouti": "Djibouti",
  "Denmark": "Copenhagen",
  "British Virgin Islands": "Road Town",
  "Germany": "Berlin",
  "Yemen": "Sanaa",
  "Algeria": "Algiers",
  "United States": "Washington, DC",
  "Uruguay": "Montevideo",
  "Mayotte": "Mamoudzou",
  "Lebanon": "Beirut",
  "Saint Lucia": "Castries",
  "Laos": "Vientiane",
  "Tuvalu": "Funafuti",
  "Taiwan": "Taipei",
  "Trinidad and Tobago": "Port-of-Spain",
  "Turkey": "Ankara",
  "Sri Lanka": "Colombo",
  "Liechtenstein": "Vaduz",
  "Latvia": "Riga",
  "Tonga": "Nuku'alofa",
  "Lithuania": "Vilnius",
  "Luxembourg": "Luxembourg",
  "Liberia": "Monrovia",
  "Lesotho": "Maseru",
  "Thailand": "Bangkok",
  "Togo": "Lome",
  "Chad": "N'Djamena",
  "Turks and Caicos Islands": "Grand Turk",
  "Libya": "Tripoli",
  "Holy See": "Vatican City",
  "Saint Vincent and the Grenadines": "Kingstown",
  "United Arab Emirates": "Abu Dhabi",
  "Andorra": "Andorra la Vella",
  "Antigua and Barbuda": "Saint John's",
  "Afghanistan": "Kabul",
  "Anguilla": "The Valley",
  "Virgin Islands": "Charlotte Amalie",
  "Iceland": "Reykjavik",
  "Iran": "Tehran",
  "Armenia": "Yerevan",
  "Albania": "Tirana",
  "Angola": "Luanda",
  "Netherlands Antilles": "Willemstad",
  "American Samoa": "Pago Pago",
  "Argentina": "Buenos Aires",
  "Australia": "Canberra",
  "Austria": "Vienna",
  "Aruba": "Oranjestad",
  "India": "New Delhi",
  "Tanzania": "Dar es Salaam",
  "Azerbaijan": "Baku",
  "Ireland": "Dublin",
  "Indonesia": "Jakarta",
  "Ukraine": "Kiew",
  "Qatar": "Doha",
  "Mozambique": "Maputo"
}